ma_vt,ten_vt,don_gia ,nha_may,don_gia,nhom_hang
PPKH0001,Thuốc lá Canyon Vanila 1/500,,Khatoco,,
PPKH0004,Thuốc lá War Horse đỏ 1/500,,Khatoco,,
PPKH0005,Thuốc lá War Horse xanh 1/500,,Khatoco,,
PPKH0006,Thuốc lá White Horse 20s 1/500,,Khatoco,,
PPKH0007,Thuốc lá White Horse Demi 20s 1/500,,Khatoco,,
PPKH0008,Thuốc lá Yett 1/500,,Khatoco,,
PPKH0009,Thuốc lá War horse nâu 1/500,,Khatoco,,
PPKH0013,Thuốc lá Yett Xanh (SEKSL94),,Khatoco,,
PPKH0014,Thuốc Yett King size xanh,,Khatoco,,
PPKH0015,Thuốc lá Canyon Vanila Slim,,Khatoco,,
PPKH0016,Thuốc lá Gold Lion,,Khatoco,,
PPKH0017,Thuốc Rave Slim Bluce,,Khatoco,,
PPKH0018,Thuốc Nha Trang Khatoco xanh,,Khatoco,,
PPKH0019,Thuốc Yett Demi xanh,,Khatoco,,
PPKH0020,Thuốc War horse Blueberry Menthol,,Khatoco,,
PPKH0021,Thuốc White Horse Blaze,,Khatoco,,
PPKH0022,Thuốc Yett Slim,,Khatoco,,
PPKH0023,Thuốc Báo Leopard slim cam bạc hà,,Khatoco,,
PPKH0024,Thuốc lá điếu đầu lọc Yett Demi Mentholl ( 20 điếu/bao ),,Khatoco,,
PPMBR1560001,Thuốc lá Marlboro Red,,Marlboro,,
PPMBR1560002,Thuốc lá Marlboro Gold,,Marlboro,,
PPMBR1560003,Thuốc lá Marlboro Flavor Code,,Marlboro,,
PPMBR1560004,Thuốc lá Marlboro Demi Touch,,Marlboro,,
PPMBR1560005,Thuốc lá Marlboro Vista+ Oasis,,Marlboro,,
PPMBR1560006,Thuốc lá Marlboro Slim Touch,,Marlboro,,
PPBT1560001,Bastos xanh,,Bastos,,
PPBT1560002,Bastos đỏ,,Bastos,,
PPBT1560003,Donagold nai vàng,,Bastos,,
PPBT1560004,Bastos đỏ 10.000 đồng Kingsize,,Bastos,,
PPBT1560005,NEXT (SS-MENTHOL),,Bastos,,
PPBT1560006,DONA GOLD 999 Kingsize,,Bastos,,
PPBT1560007,DONA GOLD 999 ( SUPER QUEENSIZE ),,Bastos,,
PPBT1560008,NEXT ( SS - LUCKY ),,Bastos,,
PPBT1560009,Bastos Blue Demi,,Bastos,,
PPBT1560010,MILLION Watermelon,,Bastos,,
PPMN0012,Thuốc lá bao Camel Caster Black Tea,,Miền Nam,,
PPMN0013,Thuốc lá bao Camel Compact Caster,,Miền Nam,,
PPMN0014,Thuốc lá bao Camel Compact Activate Melon,,Miền Nam,,
PPMN0015,Thuốc lá điếu đầu lọc Camel 1913 Legend The Bold Story,,Miền Nam,,
PPMN0016,Thuốc lá điếu đầu lọc Camel 1913 Legend The Smooth Story,,Miền Nam,,
PPMN0017,Thuốc lá điếu đầu lọc Camel 1913 Legend Hương trái cây,,Miền Nam,,
PPSG0001,Thuốc lá Era đỏ 1/500,,Sài Gòn,,
PPSG0002,Thuốc lá Era menthol 1/500,,Sài Gòn,,
PPSG0003,Thuốc lá ĐLXK BC 1/500,,Sài Gòn,,
PPSG0004,Thuốc lá Du Lịch Trắng 1/500,,Sài Gòn,,
PPSG0006,Thuốc lá Mai Đỏ 1/500,,Sài Gòn,,
PPSG0007,Thuốc lá Melia BC 1/500,,Sài Gòn,,
PPSG0009,Thuốc lá SG Star Vàng Slim BC 1/500,,Sài Gòn,,
PPSG0010,Thuốc lá SG Virgina 1/500,,Sài Gòn,,
PPSG0012,Thuốc lá SG Xanh Slim 1/500,,Sài Gòn,,
PPSG0013,Thuốc lá Melia BM 1/500,,Sài Gòn,,
PPSG0015,Thuốc lá SAIGON Vàng BC 1/500,,Sài Gòn,,
PPSG0016,Thuốc lá SAIGON Silver Demi Slim BC 1/500,,Sài Gòn,,
PPSG0017,Thuốc lá SAIGON Nâu BC 1/500,,Sài Gòn,,
PPSG0018,Thuốc lá SG Star Xanh Super Slim BC 1/500,,Sài Gòn,,
PPSG0019,Thuốc lá SG Menthol Slim BC 1/500,,Sài Gòn,,
PPSG0020,Thuốc lá COTAB BC(C) 1/500,,Sài Gòn,,
PPSG0021,Thuốc lá SAI GON Menthol DS BC 1/500,,Sài Gòn,,
PPSG0022,Thuốc lá SAI GON SILVER 90 Demi Slim BC 1/500,,Sài Gòn,,
PPSG0024,Thuốc lá SAI GON Xanh BM 1/500,,Sài Gòn,,
PPSG0025,Thuốc lá SAI GON Silver Capsule DS BC,,Sài Gòn,,
PPSG0027,SAI GON Slim Peach Capsule,,Sài Gòn,,
PPSG0028,SAI GON CIGAR Demi Slim,,Sài Gòn,,
PPSG0029,SAI GON Mango Super Slim,,Sài Gòn,,
PPSG0030,SAI GON Slim Orange,,Sài Gòn,,
PPTL0005,Thuốc lá Thăng Long BM 1/500,,Thăng Long,,
PPTL0006,Thuốc lá Thăng Long hộp thiếc 1/300,,Thăng Long,,
PPTL0007,Thuốc lá Thăng Long Slim 1/500,,Thăng Long,,
PPTL0008,Thuốc lá Thăng Long vàng BC 1/500,,Thăng Long,,
PPTL0011,Thuốc lá Thăng Long (20's Demi Gold 1/500),,Thăng Long,,
PPTL0012,Thuốc lá Thăng Long JEFF Xanh,,Thăng Long,,
PPTL0013,Thuốc lá Thăng Long ViLand 20sBlue bao cứng 1/500,,Thăng Long,,
PPTL0014,Thuốc lá Thăng Long (20's Demi Gold) bao cứng - Nâu 1/500,,Thăng Long,,
PPTL0015,Thuốc lá Thăng Long Slim Yellow bao cứng 1/500,,Thăng Long,,
PPTL0016,Thuốc lá Thăng Long Slim Blue bao cứng 1/500,,Thăng Long,,
PPTL0017,Thuốc lá Thăng Long (20's Red) bao cứng 1/500,,Thăng Long,,
PPTL0018,Thuốc lá điếu Thăng Long Slim Coffee bao cứng 1/500,,Thăng Long,,
PPTL0019,Thuốc lá điếu Thăng Long Slim Cherry bao cứng 1/500,,Thăng Long,,
PPBAT1560001,Thuốc lá CravenA 20s CAP 1/500,,BAT,,
PPBAT1560002,Thuốc lá CravenA 20s Classic 1/500,,BAT,,
PPBAT1560003,Thuốc lá CravenA 20s Demi silver 1/500,,BAT,,
PPBAT1560004,Thuốc lá Dunhill 1/500,,BAT,,
PPBAT1560006,Thuốc lá SE555 Gold 20s 1/500,,BAT,,
PPBAT1560008,Thuốc lá SE555 Signature 1/500,,BAT,,
PPBAT1560009,Thuốc lá SE555 Silver 90 1/500,,BAT,,
PPBAT1560010,Thuốc lá Kent Iswitch 1/500,,BAT,,
PPBAT1560011,Thuốc lá Kent Nanotek 1/500,,BAT,,
PPBAT1560012,Thuốc lá CravenA 20s Chill,,BAT,,
PPBAT1560013,Thuốc lá SE555 Sphere 90 1/500,,BAT,,
PPBAT1560018,Thuốc lá SE555 Slim 1/500,,BAT,,
PPBAT1560019,Thuốc lá Craven INSTINCT,,BAT,,
PPBAT1560020,Thuốc lá SE555 Supreme,,BAT,,
PPBAT1560021,Thuốc lá SE555 Switch,,BAT,,
PPBAT1560022,Thuốc lá CravenA Wild,,BAT,,
PPBAT1560023,Thuốc Lá Craven Gold,,BAT,,
